name,job 
user 1,job 1
user 2,job 2
user 3,job 3
user 4,job 4
user 5,job 5
user 6,job 6
user 7,job 7
user 8,job 8
user 9,job 9
user 10,job 10
user 11,job 11
user 12,job 12
user 13,job 13
user 14,job 14
user 15,job 15
user 16,job 16
user 17,job 17
user 18,job 18
user 19,job 19
user 20,job 20
user 21,job 21
user 22,job 22
user 23,job 23
user 24,job 24
user 25,job 25
user 26,job 26
user 27,job 27
user 28,job 28
user 29,job 29
user 30,job 30
user 31,job 31
user 32,job 32
user 33,job 33
user 34,job 34
user 35,job 35
user 36,job 36
user 37,job 37
user 38,job 38
user 39,job 39
user 40,job 40
user 41,job 41
user 42,job 42
user 43,job 43
user 44,job 44
user 45,job 45
user 46,job 46
user 47,job 47
user 48,job 48
user 49,job 49
user 50,job 50